"block_id","section","change_type","original_exact_text","suggested_exact_text","original_paragraph_references","suggested_paragraph_references","previous_exact_anchor","next_exact_anchor","original_revision_id","suggested_revision_id","comparison_method"
"S01-B01","Opening, letter, and contents","changed_or_restructured","Teen Information Packet 2026

If you read one thing, read this

Under Illinois law, you will not be directly billed for medical care related to your assault.

You might be feeling a lot of emotions - anger, sadness, relief - or maybe even just frozen. They’re all valid - and there are practical healthy ways to process feelings. 

You’re the boss of your own body, and you have rights that back this up 

We’re Resilience, and we’ve got your back.\u000B","[Cover]

What you need to know

Information Packet

ourresilience.org

2026

[Summary Graphic]

You are the boss of your own body and care.

You have rights as a teen, we’ll walk you through them.

We maintain absolute confidentiality with you.

You may be feeling a lot of emotions.

They’re all valid and there are practical and healthy ways to process them. \u000BWe’re here to help.

You will not be directly billed for medical care related to your assault.

This is the law in Illinois.

We are an organization called Resilience.

We’ve got your back. 

The only exception to confidentiality is if you are in immediate danger of hurting yourself or others.

[Letter]","Teen Information Packet 2026 [t.0] @ 1-29; Welcome [t.rfcrwwtg2z0n] @ 1-33; Welcome [t.rfcrwwtg2z0n] @ 34-127; Welcome [t.rfcrwwtg2z0n] @ 128-299; Welcome [t.rfcrwwtg2z0n] @ 300-372; Welcome [t.rfcrwwtg2z0n] @ 373-416","Suggestions - What you should know [t.nn8dmo3ghr8e] @ 1-8; Suggestions - What you should know [t.nn8dmo3ghr8e] @ 9-30; Suggestions - What you should know [t.nn8dmo3ghr8e] @ 31-49; Suggestions - What you should know [t.nn8dmo3ghr8e] @ 50-67; Suggestions - What you should know [t.nn8dmo3ghr8e] @ 68-72; Suggestions - What you should know [t.nn8dmo3ghr8e] @ 74-91; Suggestions - What you should know [t.nn8dmo3ghr8e] @ 93-136; Suggestions - What you should know [t.nn8dmo3ghr8e] @ 137-192; Suggestions - What you should know [t.nn8dmo3ghr8e] @ 193-239; Suggestions - What you should know [t.nn8dmo3ghr8e] @ 240-277; Suggestions - What you should know [t.nn8dmo3ghr8e] @ 278-374; Suggestions - What you should know [t.nn8dmo3ghr8e] @ 375-448; Suggestions - What you should know [t.nn8dmo3ghr8e] @ 449-477; Suggestions - What you should know [t.nn8dmo3ghr8e] @ 478-519; Suggestions - What you should know [t.nn8dmo3ghr8e] @ 520-541; Suggestions - What you should know [t.nn8dmo3ghr8e] @ 543-645; Suggestions - What you should know [t.nn8dmo3ghr8e] @ 647-655","[SECTION START]","Hello,","ALtnJHxJzz28bHOAk-CHLQwpsGWMVLejh99h1rcRLJf280LGm72weISIx_C4suQGDnKGpuP7eTxOQhNgwrMXLIgsgZ6tZKME4WGM66kn","ALtnJHwceQF38ZAgAmDj2op6BH8bxjGSWx5hwrncfpHuB8x6SjRlgw26s9JPm4gTk_AljVRiQ540L0IOyVnRa4XcotFTE9JwEtfDmh6m","Section-aware exact paragraph diff. Each side is copied verbatim from the Google Docs connector; paragraph separators are inserted as blank lines and source control characters are escaped. Blocks are bounded by paragraphs that match exactly. No semantic or legal/medical interpretation."
"S01-B02","Opening, letter, and contents","changed_or_restructured","Resilience is an independent, not-for-profit organization that offers sexual assault survivors free and confidential legal advocacy, medical advocacy, and trauma therapy services in English and Spanish. For more information or to request services, you may visit our website at ourresilience.org, email us at info@ourresilience.org, or call us at 312-443-9603. Please note that Resilience is not a hotline and service requests will be responded to during regular business hours, Monday through Friday, 9 a.m. to 5 p.m.","However you choose to heal, we support you and wish you the best.

Sincerely,\u000BResilience

Resilience is an independent, not-for-profit organization that offers sexual assault survivors free and confidential legal advocacy, medical advocacy, and trauma therapy services in English and Spanish.","Welcome [t.rfcrwwtg2z0n] @ 1046-1563","Suggestions - What you should know [t.nn8dmo3ghr8e] @ 1287-1352; Suggestions - What you should know [t.nn8dmo3ghr8e] @ 1353-1374; Suggestions - What you should know [t.nn8dmo3ghr8e] @ 1377-1579","This packet is a resource for you or your loved one(s). It contains information about your legal rights and options, medical treatments you can access, and emotional supports that are available. All survivors have the same rights and protections, but not everything in the packet will necessarily apply to you. Everyone’s experience is different; trust yourself and whatever options feel right for you.","We welcome your feedback on any experiences you have with our advocates in the hospital. If you would like to share your experience, you may do so by completing this brief survey: www.ourresilience.org/clientevaluation.","ALtnJHxJzz28bHOAk-CHLQwpsGWMVLejh99h1rcRLJf280LGm72weISIx_C4suQGDnKGpuP7eTxOQhNgwrMXLIgsgZ6tZKME4WGM66kn","ALtnJHwceQF38ZAgAmDj2op6BH8bxjGSWx5hwrncfpHuB8x6SjRlgw26s9JPm4gTk_AljVRiQ540L0IOyVnRa4XcotFTE9JwEtfDmh6m","Section-aware exact paragraph diff. Each side is copied verbatim from the Google Docs connector; paragraph separators are inserted as blank lines and source control characters are escaped. Blocks are bounded by paragraphs that match exactly. No semantic or legal/medical interpretation."
"S01-B03","Opening, letter, and contents","changed_or_restructured","However you choose to heal, we support you and wish you the best.

Sincerely,

Resilience

What’s Inside

ASSET DETAILS

What

Caregiver Information

Information and resources for caretakers of teen survivors of sexual assault.

About Resilience

Who is Resilience, and what is an advocate?

Navigating Emotions after assault

Understanding your feelings (and what to do with them) after an assault.

Your Hospital Visit

Your legal rights in the ER, information on billing, medications, pregnancy, the evidence collection kit, and more.

The Legal Process

What does the criminal legal process look like, accessing restraining orders,navigating immigration questions, and more.

At school and work

Your rights and how to talk (if you want!) about your assault with your school or workplace.

Housing and DCFS

What your options are if you’re in need of safe housing - and what DCFS is all about.

FAQs and Related Resources

Questions that teens like you ask, and resources to learn more.","Reach out for more information or to request services. Please note that this isn’t a hotline and we will respond to messages Mon through Fri, 9am to 5pm.

ourresilience.org | 312-443-9603 | info@ourresilience.org

In this packet

.

A Note for Caregivers\u000BInformation and resources for caretakers of teen survivors of sexual assault.

About Resilience\u000BWho is Resilience, and what is an advocate?

Navigating Emotions\u000BUnderstanding your feelings (and what to do with them) after an assault.

Hospital Visit\u000BYour legal rights in the ER, information on billing, medications, pregnancy, the evidence collection kit, and more.

Legal Process\u000BWhat does the criminal legal process look like, accessing restraining orders, navigating immigration questions, and more.

School and work\u000BYour rights and how to talk (only if you want!) about your assault with your school or workplace.

Minors Rights, Consent, and Sexual Assault\u000B______________________________.

Housing and DCFS\u000BWhat your options are if you’re in need of safe housing - and what DCFS is all about.

FAQs and Related Resources\u000BQuestions that teens like you ask, and resources to learn more.","Welcome [t.rfcrwwtg2z0n] @ 1784-1849; Welcome [t.rfcrwwtg2z0n] @ 1850-1860; Welcome [t.rfcrwwtg2z0n] @ 1861-1871; Welcome [t.rfcrwwtg2z0n] @ 1873-1886; Welcome [t.rfcrwwtg2z0n] @ 1891-1904; Welcome [t.rfcrwwtg2z0n] @ 1906-1910; Welcome [t.rfcrwwtg2z0n] @ 1913-1934; Welcome [t.rfcrwwtg2z0n] @ 1936-2013; Welcome [t.rfcrwwtg2z0n] @ 2016-2032; Welcome [t.rfcrwwtg2z0n] @ 2034-2077; Welcome [t.rfcrwwtg2z0n] @ 2080-2113; Welcome [t.rfcrwwtg2z0n] @ 2115-2187; Welcome [t.rfcrwwtg2z0n] @ 2190-2209; Welcome [t.rfcrwwtg2z0n] @ 2211-2326; Welcome [t.rfcrwwtg2z0n] @ 2329-2346; Welcome [t.rfcrwwtg2z0n] @ 2348-2468; Welcome [t.rfcrwwtg2z0n] @ 2471-2489; Welcome [t.rfcrwwtg2z0n] @ 2491-2583; Welcome [t.rfcrwwtg2z0n] @ 2586-2602; Welcome [t.rfcrwwtg2z0n] @ 2604-2689; Welcome [t.rfcrwwtg2z0n] @ 2692-2718; Welcome [t.rfcrwwtg2z0n] @ 2720-2783","Suggestions - What you should know [t.nn8dmo3ghr8e] @ 1800-1953; Suggestions - What you should know [t.nn8dmo3ghr8e] @ 1954-2012; Suggestions - What you should know [t.nn8dmo3ghr8e] @ 2013-2027; Suggestions - What you should know [t.nn8dmo3ghr8e] @ 2028-2029; Suggestions - What you should know [t.nn8dmo3ghr8e] @ 2031-2130; Suggestions - What you should know [t.nn8dmo3ghr8e] @ 2131-2191; Suggestions - What you should know [t.nn8dmo3ghr8e] @ 2192-2284; Suggestions - What you should know [t.nn8dmo3ghr8e] @ 2285-2415; Suggestions - What you should know [t.nn8dmo3ghr8e] @ 2416-2551; Suggestions - What you should know [t.nn8dmo3ghr8e] @ 2552-2665; Suggestions - What you should know [t.nn8dmo3ghr8e] @ 2666-2740; Suggestions - What you should know [t.nn8dmo3ghr8e] @ 2741-2843; Suggestions - What you should know [t.nn8dmo3ghr8e] @ 2844-2934","We welcome your feedback on any experiences you have with our advocates in the hospital. If you would like to share your experience, you may do so by completing this brief survey: www.ourresilience.org/clientevaluation.","[SECTION END]","ALtnJHxJzz28bHOAk-CHLQwpsGWMVLejh99h1rcRLJf280LGm72weISIx_C4suQGDnKGpuP7eTxOQhNgwrMXLIgsgZ6tZKME4WGM66kn","ALtnJHwceQF38ZAgAmDj2op6BH8bxjGSWx5hwrncfpHuB8x6SjRlgw26s9JPm4gTk_AljVRiQ540L0IOyVnRa4XcotFTE9JwEtfDmh6m","Section-aware exact paragraph diff. Each side is copied verbatim from the Google Docs connector; paragraph separators are inserted as blank lines and source control characters are escaped. Blocks are bounded by paragraphs that match exactly. No semantic or legal/medical interpretation."
"S02-B01","A note for caregivers","changed_or_restructured","For Caregivers","A note for caregivers...","A note for caregivers [t.bzgip2c6l1z1] @ 1-15","Suggestions - What you should know [t.nn8dmo3ghr8e] @ 2936-2960","[SECTION START]","Caring for your teen","ALtnJHxJzz28bHOAk-CHLQwpsGWMVLejh99h1rcRLJf280LGm72weISIx_C4suQGDnKGpuP7eTxOQhNgwrMXLIgsgZ6tZKME4WGM66kn","ALtnJHwceQF38ZAgAmDj2op6BH8bxjGSWx5hwrncfpHuB8x6SjRlgw26s9JPm4gTk_AljVRiQ540L0IOyVnRa4XcotFTE9JwEtfDmh6m","Section-aware exact paragraph diff. Each side is copied verbatim from the Google Docs connector; paragraph separators are inserted as blank lines and source control characters are escaped. Blocks are bounded by paragraphs that match exactly. No semantic or legal/medical interpretation."
"S02-B02","A note for caregivers","changed_or_restructured","Your teen’s rights and options 

Your teen has strict rights to privacy, safety, and specialized medical care in the emergency room which are covered in this packet. Your teen holds autonomy over their own choices; they can choose which parts of the medical exam to complete, track their evidence kit online, choose not to speak with the police, and even consent to their own counseling. As a parent or guardian - this may feel strange. You’re used to being involved and making decisions for your teen, and that makes sense! However science shows that after an assault, restoring agency and empowerment is critical. \u000B

Your Child’s rights and options in the emergency room graphic

\u000BCheck out the ‘Your Hospital Visit’ section for more information.

Caring for yourself 

It’s normal to feel overwhelmed, but you do not have to carry this heavy burden alone. Free trauma therapy, case management, and support are available for both your teen and your family through Resilience and the YWCA RISE Children's Center. You can also reach out to legal advocates at Resilience who can explain your rights, help you get protective orders, and assist you in applying for state financial help to cover counseling and medical bills","Your teen’s rights and options

Your teen has strict rights to privacy, safety, and specialized medical care in the emergency room which are covered in this packet. Your teen holds autonomy over their own choices; they can choose which parts of the medical exam to complete, track their evidence kit online, choose not to speak with the police, and even consent to their own counseling. As a parent or guardian - this may feel strange. You’re used to being involved and making decisions for your teen, and that makes sense! However science shows that after an assault, restoring agency and empowerment is critical.

See specific rights and citations in ‘Minors Rights, Consent, and Sexual Assault’\u000BCheck out the ‘Your Hospital Visit’ section for more information.

Caring for yourself

It’s normal to feel overwhelmed, but you do not have to carry this heavy burden alone. Free trauma therapy, case management, and support are available for both your teen and your family through Resilience and the YWCA RISE Children's Center.

You can also reach out to legal advocates at Resilience who can explain your rights, help you get protective orders, and assist you in applying for state financial help to cover counseling and medical bills.","A note for caregivers [t.bzgip2c6l1z1] @ 959-990; A note for caregivers [t.bzgip2c6l1z1] @ 991-1575; A note for caregivers [t.bzgip2c6l1z1] @ 1576-1637; A note for caregivers [t.bzgip2c6l1z1] @ 1638-1704; A note for caregivers [t.bzgip2c6l1z1] @ 1705-1725; A note for caregivers [t.bzgip2c6l1z1] @ 1726-2174","Suggestions - What you should know [t.nn8dmo3ghr8e] @ 3903-3933; Suggestions - What you should know [t.nn8dmo3ghr8e] @ 3934-4516; Suggestions - What you should know [t.nn8dmo3ghr8e] @ 4517-4664; Suggestions - What you should know [t.nn8dmo3ghr8e] @ 4665-4684; Suggestions - What you should know [t.nn8dmo3ghr8e] @ 4685-4926; Suggestions - What you should know [t.nn8dmo3ghr8e] @ 4927-5134","The most important things to help children heal from abuse are having supportive caregivers and access to appropriate resources. Supporting your teen after an assault means prioritizing their safety and helping them regain a sense of empowerment. It is important to use honest, age-appropriate language and clearly remind them that the assault was absolutely not their fault. Let them know that experiencing a wide mix of emotions and trauma reactions is completely normal. To help your family through this, Resilience advocates are available for free to provide crisis counseling, help you talk to hospital staff or schools, assist with immediate needs, and, if needed, navigate the criminal legal process.\u000B\u000BAll survivors have the same rights and protections, but not everything here will necessarily apply to you or your teen. Everyone’s experience is different; trust yourself and whatever options feel right for you.","[SECTION END]","ALtnJHxJzz28bHOAk-CHLQwpsGWMVLejh99h1rcRLJf280LGm72weISIx_C4suQGDnKGpuP7eTxOQhNgwrMXLIgsgZ6tZKME4WGM66kn","ALtnJHwceQF38ZAgAmDj2op6BH8bxjGSWx5hwrncfpHuB8x6SjRlgw26s9JPm4gTk_AljVRiQ540L0IOyVnRa4XcotFTE9JwEtfDmh6m","Section-aware exact paragraph diff. Each side is copied verbatim from the Google Docs connector; paragraph separators are inserted as blank lines and source control characters are escaped. Blocks are bounded by paragraphs that match exactly. No semantic or legal/medical interpretation."
"S03-B01","About Resilience","changed_or_restructured","A Guide to Advocacy Services","About Resilience

Resilience is______________________________. We’re here to___________.","About Resilience and your advocate [t.q37ypxpsrr6d] @ 1-29","Suggestions - What you should know [t.nn8dmo3ghr8e] @ 5135-5151; Suggestions - What you should know [t.nn8dmo3ghr8e] @ 5152-5222","[SECTION START]","What is Advocacy?","ALtnJHxJzz28bHOAk-CHLQwpsGWMVLejh99h1rcRLJf280LGm72weISIx_C4suQGDnKGpuP7eTxOQhNgwrMXLIgsgZ6tZKME4WGM66kn","ALtnJHwceQF38ZAgAmDj2op6BH8bxjGSWx5hwrncfpHuB8x6SjRlgw26s9JPm4gTk_AljVRiQ540L0IOyVnRa4XcotFTE9JwEtfDmh6m","Section-aware exact paragraph diff. Each side is copied verbatim from the Google Docs connector; paragraph separators are inserted as blank lines and source control characters are escaped. Blocks are bounded by paragraphs that match exactly. No semantic or legal/medical interpretation."
"S03-B02","About Resilience","changed_or_restructured","After being sexually assaulted, you may want someone to help you with whatever happens next. You may decide that you want to go to the hospital for medical care, make a police report, and/or explore your other rights and options for healing. An advocate can help and accompany you during each step of this process by providing you, your family, and your friends with information and assistance. This help is called advocacy. Resilience is one of many rape crisis centers in Illinois with advocates who are available to help you and your loved ones. Resilience advocates provide free and confidential survivor-centered services and have experience providing support and comfort to people navigating medical and legal systems.\u000B\u000BAs a teen, you have absolute confidentiality with your Resilience advocate - that means we won’t share details of what we discuss with you with anyone else - including your parents or school. The only exception to this is if you become an immediate risk of harm to yourself or someone else.","After being sexually assaulted, you may want someone to help you with whatever happens next. You may decide that you want to go to the hospital for medical care, make a police report, and/or explore your other rights and options for healing.

An advocate can help and accompany you during each step of this process by providing you, your family, and your friends with information and assistance. This help is called advocacy. Resilience is one of many rape crisis centers in Illinois with advocates who are available to help you and your loved ones. Resilience advocates provide free and confidential survivor-centered services and have experience providing support and comfort to people navigating medical and legal systems.

Confidentiality

As a teen, you have absolute confidentiality with your Resilience advocate - that means we won’t share details of what we discuss with you with anyone else - including your parents or school. The only exception to this is if you become an immediate risk of harm to yourself or someone else.","About Resilience and your advocate [t.q37ypxpsrr6d] @ 48-1064","Suggestions - What you should know [t.nn8dmo3ghr8e] @ 5241-5482; Suggestions - What you should know [t.nn8dmo3ghr8e] @ 5483-5965; Suggestions - What you should know [t.nn8dmo3ghr8e] @ 5966-5981; Suggestions - What you should know [t.nn8dmo3ghr8e] @ 5982-6272","What is Advocacy?","How Do I Contact a Resilience Advocate?","ALtnJHxJzz28bHOAk-CHLQwpsGWMVLejh99h1rcRLJf280LGm72weISIx_C4suQGDnKGpuP7eTxOQhNgwrMXLIgsgZ6tZKME4WGM66kn","ALtnJHwceQF38ZAgAmDj2op6BH8bxjGSWx5hwrncfpHuB8x6SjRlgw26s9JPm4gTk_AljVRiQ540L0IOyVnRa4XcotFTE9JwEtfDmh6m","Section-aware exact paragraph diff. Each side is copied verbatim from the Google Docs connector; paragraph separators are inserted as blank lines and source control characters are escaped. Blocks are bounded by paragraphs that match exactly. No semantic or legal/medical interpretation."
"S03-B03","About Resilience","changed_or_restructured","If you are in the emergency room (ER) at a Resilience partner hospital, the nurse will contact an advocate to come speak to you in-person. The advocate will be able to arrange ongoing follow-up services with Resilience, if you are interested. To request follow-up services or connect with an advocate at a later date, contact Resilience directly during regular business hours, Monday through Friday, 9 a.m. to 5 p.m. at 312-443-9603.

What Does an Advocate Do?

An advocate helps the survivor understand what legal and medical options are available to them and speaks up for the survivor’s rights and wishes. With the survivor’s permission, the advocate can talk with people like hospital staff, law enforcement, and attorneys on their behalf to obtain information and make sure that the survivor’s rights and wishes are being respected.","If you are in the emergency room (ER) at a Resilience partner hospital, the nurse will contact an advocate to come speak to you in-person. The advocate will be able to arrange ongoing follow-up services with Resilience, if you are interested.

To request follow-up services or connect with an advocate at a later date, reach out to Resilience directly during regular business hours Mon through Fri, 9am to 5pm..

ourresilience.org | 312-443-9603 | info@ourresilience.org

<page break> What Does an Advocate Do?

An advocate helps the survivor understand what legal and medical options are available to them and speaks up for the survivor’s rights and wishes.

With the survivor’s permission, the advocate can talk with people like hospital staff, law enforcement, and attorneys on their behalf to obtain information and make sure that the survivor’s rights and wishes are being respected.","About Resilience and your advocate [t.q37ypxpsrr6d] @ 1105-1538; About Resilience and your advocate [t.q37ypxpsrr6d] @ 1539-1564; About Resilience and your advocate [t.q37ypxpsrr6d] @ 1565-1940","Suggestions - What you should know [t.nn8dmo3ghr8e] @ 6313-6555; Suggestions - What you should know [t.nn8dmo3ghr8e] @ 6556-6723; Suggestions - What you should know [t.nn8dmo3ghr8e] @ 6724-6781; Suggestions - What you should know [t.nn8dmo3ghr8e] @ 6782-6820; Suggestions - What you should know [t.nn8dmo3ghr8e] @ 6821-6967; Suggestions - What you should know [t.nn8dmo3ghr8e] @ 6968-7196","How Do I Contact a Resilience Advocate?","What Does an Advocate Not Do?","ALtnJHxJzz28bHOAk-CHLQwpsGWMVLejh99h1rcRLJf280LGm72weISIx_C4suQGDnKGpuP7eTxOQhNgwrMXLIgsgZ6tZKME4WGM66kn","ALtnJHwceQF38ZAgAmDj2op6BH8bxjGSWx5hwrncfpHuB8x6SjRlgw26s9JPm4gTk_AljVRiQ540L0IOyVnRa4XcotFTE9JwEtfDmh6m","Section-aware exact paragraph diff. Each side is copied verbatim from the Google Docs connector; paragraph separators are inserted as blank lines and source control characters are escaped. Blocks are bounded by paragraphs that match exactly. No semantic or legal/medical interpretation."
"S03-B04","About Resilience","changed_or_restructured","An advocate supports survivors in many ways, but there are also certain things that advocates cannot do. Advocates are not lawyers and cannot give legal advice or representation. Advocates do not investigate the case, nor do they provide testimony.","An advocate supports survivors in many ways, but there are also certain things that advocates cannot do.

Advocates are not lawyers and cannot give legal advice or representation.

Advocates do not investigate the case, nor do they provide testimony.","About Resilience and your advocate [t.q37ypxpsrr6d] @ 1971-2219","Suggestions - What you should know [t.nn8dmo3ghr8e] @ 7227-7331; Suggestions - What you should know [t.nn8dmo3ghr8e] @ 7332-7405; Suggestions - What you should know [t.nn8dmo3ghr8e] @ 7406-7475","What Does an Advocate Not Do?","An advocate does not provide therapeutic services. As part of helping the survivor through medical and legal processes, the advocate will talk to the survivor about their feelings; however, if a survivor wants additional counseling in their emotional recovery, the advocate will refer them to a Resilience trauma therapist.","ALtnJHxJzz28bHOAk-CHLQwpsGWMVLejh99h1rcRLJf280LGm72weISIx_C4suQGDnKGpuP7eTxOQhNgwrMXLIgsgZ6tZKME4WGM66kn","ALtnJHwceQF38ZAgAmDj2op6BH8bxjGSWx5hwrncfpHuB8x6SjRlgw26s9JPm4gTk_AljVRiQ540L0IOyVnRa4XcotFTE9JwEtfDmh6m","Section-aware exact paragraph diff. Each side is copied verbatim from the Google Docs connector; paragraph separators are inserted as blank lines and source control characters are escaped. Blocks are bounded by paragraphs that match exactly. No semantic or legal/medical interpretation."
"S03-B05","About Resilience","changed_or_restructured","Resilience advocates have referral options for free or low-cost legal counsel. To request help accessing your legal rights and options, please call 312-443-9603 during regular business hours, Monday through Friday, 9 a.m. to 5 p.m.","Resilience advocates have referral options for free or low-cost legal counsel.

To request help accessing your legal rights and options, please reach out to Resilience directly during regular business hours Mon through Fri, 9am to 5pm.

ourresilience.org | 312-443-9603 | info@ourresilience.org","About Resilience and your advocate [t.q37ypxpsrr6d] @ 3074-3305","Suggestions - What you should know [t.nn8dmo3ghr8e] @ 8330-8408; Suggestions - What you should know [t.nn8dmo3ghr8e] @ 8409-8564; Suggestions - What you should know [t.nn8dmo3ghr8e] @ 8565-8622","Resilience legal advocates provide information, accompaniment, and emotional support to survivors in accessing their legal rights and options, which are listed below. Advocates may act as liaisons with police officers, sex crimes detectives, and the State’s Attorney’s Office to ensure that proper charges are pursued and filed. They may also support survivors in obtaining protective orders, applying for Crime Victim Compensation, and accessing school- or employment-based accommodations and survivor-based immigration options.","[SECTION END]","ALtnJHxJzz28bHOAk-CHLQwpsGWMVLejh99h1rcRLJf280LGm72weISIx_C4suQGDnKGpuP7eTxOQhNgwrMXLIgsgZ6tZKME4WGM66kn","ALtnJHwceQF38ZAgAmDj2op6BH8bxjGSWx5hwrncfpHuB8x6SjRlgw26s9JPm4gTk_AljVRiQ540L0IOyVnRa4XcotFTE9JwEtfDmh6m","Section-aware exact paragraph diff. Each side is copied verbatim from the Google Docs connector; paragraph separators are inserted as blank lines and source control characters are escaped. Blocks are bounded by paragraphs that match exactly. No semantic or legal/medical interpretation."
"S04-B01","Navigating Emotions","changed_or_restructured","You might be feeling….

Words/experiences/thoughts

Angry, numb, happy, confused, sad, vengeful, scared, frozen, anxious, tired, overwhelmed, energetic, etc

\u000BOthers feel that way too

quotes/stories?

Self Care Strategies and coping

First things first. You can cope with and recover from trauma. 

Actionable tips","Navigating Emotions

__________________________________________.

Right now, you might be feeling

[this picture should be inline]

Others have felt that way too...

Here are some things that have helped them...

First things first. You can cope with and recover from trauma.","Navigating emotions after an assault [t.tya7pt23deyg] @ 1-23; Navigating emotions after an assault [t.tya7pt23deyg] @ 24-50; Navigating emotions after an assault [t.tya7pt23deyg] @ 51-155; Navigating emotions after an assault [t.tya7pt23deyg] @ 156-181; Navigating emotions after an assault [t.tya7pt23deyg] @ 182-197; Navigating emotions after an assault [t.tya7pt23deyg] @ 199-230; Navigating emotions after an assault [t.tya7pt23deyg] @ 231-294; Navigating emotions after an assault [t.tya7pt23deyg] @ 296-311","Suggestions - What you should know [t.nn8dmo3ghr8e] @ 8623-8642; Suggestions - What you should know [t.nn8dmo3ghr8e] @ 8643-8686; Suggestions - What you should know [t.nn8dmo3ghr8e] @ 8687-8718; Suggestions - What you should know [t.nn8dmo3ghr8e] @ 8719-8750; Suggestions - What you should know [t.nn8dmo3ghr8e] @ 8754-8786; Suggestions - What you should know [t.nn8dmo3ghr8e] @ 8804-8849; Suggestions - What you should know [t.nn8dmo3ghr8e] @ 8850-8912","[SECTION START]","Trauma Therapy Services","ALtnJHxJzz28bHOAk-CHLQwpsGWMVLejh99h1rcRLJf280LGm72weISIx_C4suQGDnKGpuP7eTxOQhNgwrMXLIgsgZ6tZKME4WGM66kn","ALtnJHwceQF38ZAgAmDj2op6BH8bxjGSWx5hwrncfpHuB8x6SjRlgw26s9JPm4gTk_AljVRiQ540L0IOyVnRa4XcotFTE9JwEtfDmh6m","Section-aware exact paragraph diff. Each side is copied verbatim from the Google Docs connector; paragraph separators are inserted as blank lines and source control characters are escaped. Blocks are bounded by paragraphs that match exactly. No semantic or legal/medical interpretation."
"S04-B02","Navigating Emotions","changed_or_restructured","Resilience has trained, professional clinical staff that provide free individual, couples, and family trauma therapy for adolescent and adult victims/ssurvivors of sexual violence over the age of 12 as well as their loved ones. Please note that there may be a waitlist for trauma therapy services. Support groups are also available. For individuals ages 11 years or younger, Resilience can make a referral to the YWCA’s trauma therapy program.","Resilience has trained, professional clinical staff that provide free individual, couples, and family trauma therapy for adolescent and adult victims/survivors of sexual violence over the age of 12 as well as their loved ones. Please note that there may be a waitlist for trauma therapy services. Support groups are also available. For individuals ages 11 years or younger, Resilience can make a referral to the YWCA’s trauma therapy program.

To request trauma therapy services, please reach out to Resilience directly during regular business hours Mon through Fri, 9am to 5pm.

ourresilience.org | 312-443-9603 | info@ourresilience.org","Navigating emotions after an assault [t.tya7pt23deyg] @ 337-780","Suggestions - What you should know [t.nn8dmo3ghr8e] @ 8954-9396; Suggestions - What you should know [t.nn8dmo3ghr8e] @ 9397-9531; Suggestions - What you should know [t.nn8dmo3ghr8e] @ 9532-9589","Trauma Therapy Services","[SECTION END]","ALtnJHxJzz28bHOAk-CHLQwpsGWMVLejh99h1rcRLJf280LGm72weISIx_C4suQGDnKGpuP7eTxOQhNgwrMXLIgsgZ6tZKME4WGM66kn","ALtnJHwceQF38ZAgAmDj2op6BH8bxjGSWx5hwrncfpHuB8x6SjRlgw26s9JPm4gTk_AljVRiQ540L0IOyVnRa4XcotFTE9JwEtfDmh6m","Section-aware exact paragraph diff. Each side is copied verbatim from the Google Docs connector; paragraph separators are inserted as blank lines and source control characters are escaped. Blocks are bounded by paragraphs that match exactly. No semantic or legal/medical interpretation."
"S05-B01","Hospital Visit","changed_or_restructured","Your legal rights in Illinois

SASETA

Illinois law (SASETA, 410 ILCS 70) requires that hospitals either provide treatment for or transfer sexual assault patients. For those who elect to provide treatment to sexual assault survivors, they are required to offer the following for the first seven days post-assault (72 hours for survivors age 12 and younger):

Minor’s rights in a hospital by age","Hospital Visit

You’re at the hospital for________________________________.

Your rights at the hospital

Illinois law (SASETA, 410 ILCS 70) requires that hospitals either provide treatment for or transfer sexual assault patients. For those who elect to provide treatment to sexual assault survivors, they are required to offer the following services for the first seven days post-assault (72 hours for survivors age 12 and younger).

The hospital is required to offer you:","Your Hospital Visit [t.vyfgsnx4tqhc] @ 1-30; Your Hospital Visit [t.vyfgsnx4tqhc] @ 31-37; Your Hospital Visit [t.vyfgsnx4tqhc] @ 38-356; Your Hospital Visit [t.vyfgsnx4tqhc] @ 357-392","Suggestions - What you should know [t.nn8dmo3ghr8e] @ 9590-9604; Suggestions - What you should know [t.nn8dmo3ghr8e] @ 9605-9664; Suggestions - What you should know [t.nn8dmo3ghr8e] @ 9665-9692; Suggestions - What you should know [t.nn8dmo3ghr8e] @ 9693-10020; Suggestions - What you should know [t.nn8dmo3ghr8e] @ 10021-10059","[SECTION START]","Private Examination Room and Timely Response","ALtnJHxJzz28bHOAk-CHLQwpsGWMVLejh99h1rcRLJf280LGm72weISIx_C4suQGDnKGpuP7eTxOQhNgwrMXLIgsgZ6tZKME4WGM66kn","ALtnJHwceQF38ZAgAmDj2op6BH8bxjGSWx5hwrncfpHuB8x6SjRlgw26s9JPm4gTk_AljVRiQ540L0IOyVnRa4XcotFTE9JwEtfDmh6m","Section-aware exact paragraph diff. Each side is copied verbatim from the Google Docs connector; paragraph separators are inserted as blank lines and source control characters are escaped. Blocks are bounded by paragraphs that match exactly. No semantic or legal/medical interpretation."
"S05-B02","Hospital Visit","changed_or_restructured","Hospitals must provide a qualified medical provider (QMP) to complete your medical forensic examination. A QMP is a board-certified child abuse pediatrician, board-eligible child abuse pediatrician, a sexual assault forensic examiner, or a sexual assault nurse examiner who has access to photo documentation tools, and who participates in peer review. If a patient is not offered services by a QMP, they have the right to file a complaint with the Illinois Department of Public Health. An advocate can assist with this process, as requested.

Evidence Collection (known as a rape kit or Illinois State Police Sexual Assault Evidence Collection Kit (ISPECK)

There are two steps to consenting to evidence collection: (1) consent to the collection of evidence, and (2) consent to either holding the kit in storage or releasing the evidence to law enforcement for testing. A patient may choose to have an ISPECK collected and may decide later whether or not they want it tested. Law enforcement must hold the ISPECK for 10 years or until the patient’s 28th birthday, whichever happens latest, while the patient decides whether or not to have the evidence tested. Anyone at any age can consent to treatment and evidence collection related to a sexual assault. A minor under 13 years of age needs a parent, legal guardian, or healthcare power of attorney to release the kit for testing and with the assent of the sexual assault survivor. No person, regardless of age, should be forced to complete the evidence collection process. People with disabilities do not need a guardian present to consent to medical treatment, evidence collection, or release of evidence for testing. If a survivor is unable to consent to the release of evidence for testing and their parent, legal guardian, and/or healthcare power of attorney refuse to do so, the State's Attorney or Attorney General can petition the court to authorize release for testing. No person with a disability should ever be forced to complete evidence collection.","Hospitals must provide a qualified medical provider (QMP) to complete your medical forensic examination. A QMP is a board-certified child abuse pediatrician, board-eligible child abuse pediatrician, a sexual assault forensic examiner, or a sexual assault nurse examiner who has access to photo documentation tools, and who participates in peer review. If a patient is not offered services by a QMP, they have the right to file a complaint with the Illinois Department of Public Health. A Resilience advocate can assist with this process, if requested.

Evidence Collection

Known as a rape kit or Illinois State Police Sexual Assault Evidence Collection Kit (ISPECK). Evidence collection is optional and may assist in a criminal or child protection investigation. There are two steps to consenting to evidence collection:

Consent to the collection of evidence

Consent to either holding the kit in storage or releasing the evidence to law enforcement for testing.

A patient may choose to have an ISPECK collected and may decide later whether or not they want it tested.","Your Hospital Visit [t.vyfgsnx4tqhc] @ 666-1207; Your Hospital Visit [t.vyfgsnx4tqhc] @ 1208-1321; Your Hospital Visit [t.vyfgsnx4tqhc] @ 1322-2676","Suggestions - What you should know [t.nn8dmo3ghr8e] @ 10333-10884; Suggestions - What you should know [t.nn8dmo3ghr8e] @ 10885-10904; Suggestions - What you should know [t.nn8dmo3ghr8e] @ 10905-11152; Suggestions - What you should know [t.nn8dmo3ghr8e] @ 11153-11190; Suggestions - What you should know [t.nn8dmo3ghr8e] @ 11191-11293; Suggestions - What you should know [t.nn8dmo3ghr8e] @ 11294-11399","Access to a Qualified Medical Provider (QMP)","Referral for Confidential Counseling and Emotional Support Services","ALtnJHxJzz28bHOAk-CHLQwpsGWMVLejh99h1rcRLJf280LGm72weISIx_C4suQGDnKGpuP7eTxOQhNgwrMXLIgsgZ6tZKME4WGM66kn","ALtnJHwceQF38ZAgAmDj2op6BH8bxjGSWx5hwrncfpHuB8x6SjRlgw26s9JPm4gTk_AljVRiQ540L0IOyVnRa4XcotFTE9JwEtfDmh6m","Section-aware exact paragraph diff. Each side is copied verbatim from the Google Docs connector; paragraph separators are inserted as blank lines and source control characters are escaped. Blocks are bounded by paragraphs that match exactly. No semantic or legal/medical interpretation."
"S05-B03","Hospital Visit","changed_or_restructured","Patients are eligible* to receive a sexual assault emergency treatment program “voucher” for 180 days of free follow-up care related to the sexual assault

Follow-up care includes but is not limited to lab testing, medications, and counseling related to the sexual assault. Hospitals must issue a voucher to patients treated for sexual assault upon discharge and should place a copy of the voucher in the patient’s medical record.*All patients with private insurance, Medicare, or who are uninsured are eligible for a voucher. Patients with Medicaid do not need a voucher since all services covered by the voucher are also covered by Medicaid.

Cost - you won’t be directly billed!

Direct Billing of Survivor Prohibited. As a survivor of sexual assault, the law provides that you should not be directly billed by any ambulance provider providing transportation services, or by any hospital, health care professional, laboratory, or pharmacy for hospital emergency services or evidence collection in the emergency department. If you have insurance, your insurance will be billed, but you are not responsible for any deductible or co-pay related to these services. If you are not the primary policy holder (e.g you’re on your parents insurance), you may opt of out of your insurance being billed and a bill should be sent to the Illinois Department of Healthcare and Family Services (DHFS) Sexual Assault Emergency Treatment Program.

Voucher. Before leaving the emergency department of the facility that treated you, the hospital will give you an Authorization for Payment Voucher for follow-up healthcare, if you are eligible to receive one. You are eligible for a voucher if you are not covered by Medicaid. If you are covered by Medicaid, Medicaid will pay for your follow-up treatment, so you should present your Medicaid card to the follow-up provider. If you have follow-up healthcare visits related to the sexual assault, including but not limited to counseling, lab tests, and medications, the voucher allows you to receive services at no charge to you for 180 days following the initial hospital emergency visit. Present the voucher to the health care provider and ask them to make you a copy, so you have one for your next follow-up appointment. You may also ask the hospital for a copy from your medical record.

“Follow-up Healthcare” means healthcare services related to a sexual assault, including laboratory and pharmacy services, provided within 180 days of your initial visit for hospital emergency services. It is recommended that you or your advocate contact the provider to ensure they accept and are familiar with the voucher as a form of payment prior to service.

Number to Call If You Receive a Related Hospital Bill. You may call the hospital directly if you receive a bill for hospital emergency services or evidence collection services related to the sexual assault. If you should not have received a bill, the hospital will make the necessary adjustments. You may also contact Resilience for assistance with contacting the hospital on your behalf at 312-443-9603.","Free follow-up care related to the sexual assault

All patients can receive 180 days of free follow-up care related to the sexual assault.

Private insurance, Medicare, or uninsured patients will receive an Authorization for Payment Voucher.

Medicaid patients are automatically eligible for free follow-up care and don’t need a voucher.

Follow-up care includes but is not limited to lab testing, medications, and counseling related to the sexual assault. Hospitals must issue a voucher to patients treated for sexual assault upon discharge and should place a copy of the voucher in the patient’s medical record.

<page break>Costs

You won’t be directly billed for your outpatient care.

Direct Billing of Survivor Prohibited by Law

As a survivor of sexual assault, the law provides that you should not be directly billed by any ambulance provider providing transportation services, or by any hospital, health care professional, laboratory, or pharmacy for hospital emergency services or evidence collection in the emergency department. If you have insurance, your insurance will be billed, but you are not responsible for any deductible or co-pay related to these services.

If you are not the primary policy holder (e.g you’re on your parents insurance), you may opt of out of your insurance being billed and a bill should be sent to the Illinois Department of Healthcare and Family Services (DHFS) Sexual Assault Emergency Treatment Program. A Resilience advocate can assist with this process, if requested.

Voucher for free follow-up care related to the sexual assault

All patients can receive 180 days of free follow-up care related to the sexual assault.

Private insurance, Medicare, or uninsured patients\u000BBefore leaving the emergency department of the facility that treated you, the hospital will give you an Authorization for Payment Voucher for follow-up healthcare.

Present the voucher to the health care provider and ask them to make you a copy, so you have one for your next follow-up appointment. You may also ask the hospital for a copy from your medical record. A Resilience advocate can help.

Medicaid patients\u000BIf you are covered by Medicaid, Medicaid will pay for your follow-up treatment. Present your Medicaid card to the follow-up provider. All services covered by the voucher are also covered by Medicaid.

“Follow-up Healthcare”

means healthcare services related to a sexual assault, including laboratory and pharmacy services, provided within 180 days of your initial visit for hospital emergency services.

It is recommended that you or your advocate contact the provider to ensure they accept and are familiar with the voucher as a form of payment prior to service.

Number to Call If You Receive a Related Hospital Bill.

You may call the hospital directly if you receive a bill for hospital emergency services or evidence collection services related to the sexual assault. If you should not have received a bill, the hospital will make the necessary adjustments. You may also contact Resilience for assistance with contacting the hospital on your behalf.

ourresilience.org | 312-443-9603 | info@ourresilience.org

Inpatient Care

Inpatient care means _____________________________________________.

If you are admitted to the hospital as an inpatient, you may be billed for inpatient services provided by a hospital, health care professional, laboratory, or pharmacy. If you have insurance coverage, your insurance company will be billed and you may be responsible for any co-pay, deductible, or co-insurance assessed by your insurance company.

If you have no insurance, you may be eligible for a discount under the Hospital Uninsured Patient Discount Act. To find out if you are eligible for financial help under the Crime Victims Compensation Act, contact the Office of the Illinois Attorney General, Crime Victim Services Division at 1-800-228-3368 (Voice), 1-877-398-1130 (TTY).

A Resilience advocate can support you through the process.

ourresilience.org | 312-443-9603 | info@ourresilience.org","Your Hospital Visit [t.vyfgsnx4tqhc] @ 3654-3808; Your Hospital Visit [t.vyfgsnx4tqhc] @ 3809-4296; Your Hospital Visit [t.vyfgsnx4tqhc] @ 4297-4333; Your Hospital Visit [t.vyfgsnx4tqhc] @ 4334-5083; Your Hospital Visit [t.vyfgsnx4tqhc] @ 5084-5972; Your Hospital Visit [t.vyfgsnx4tqhc] @ 5973-6334; Your Hospital Visit [t.vyfgsnx4tqhc] @ 6335-6739","Suggestions - What you should know [t.nn8dmo3ghr8e] @ 12377-12426; Suggestions - What you should know [t.nn8dmo3ghr8e] @ 12427-12514; Suggestions - What you should know [t.nn8dmo3ghr8e] @ 12518-12619; Suggestions - What you should know [t.nn8dmo3ghr8e] @ 12621-12715; Suggestions - What you should know [t.nn8dmo3ghr8e] @ 12717-12991; Suggestions - What you should know [t.nn8dmo3ghr8e] @ 12992-13009; Suggestions - What you should know [t.nn8dmo3ghr8e] @ 13010-13064; Suggestions - What you should know [t.nn8dmo3ghr8e] @ 13065-13109; Suggestions - What you should know [t.nn8dmo3ghr8e] @ 13110-13551; Suggestions - What you should know [t.nn8dmo3ghr8e] @ 13552-13886; Suggestions - What you should know [t.nn8dmo3ghr8e] @ 13887-13948; Suggestions - What you should know [t.nn8dmo3ghr8e] @ 13949-14036; Suggestions - What you should know [t.nn8dmo3ghr8e] @ 14040-14254; Suggestions - What you should know [t.nn8dmo3ghr8e] @ 14255-14487; Suggestions - What you should know [t.nn8dmo3ghr8e] @ 14490-14707; Suggestions - What you should know [t.nn8dmo3ghr8e] @ 14710-14732; Suggestions - What you should know [t.nn8dmo3ghr8e] @ 14733-14911; Suggestions - What you should know [t.nn8dmo3ghr8e] @ 14912-15071; Suggestions - What you should know [t.nn8dmo3ghr8e] @ 15072-15126; Suggestions - What you should know [t.nn8dmo3ghr8e] @ 15127-15460; Suggestions - What you should know [t.nn8dmo3ghr8e] @ 15461-15518; Suggestions - What you should know [t.nn8dmo3ghr8e] @ 15519-15533; Suggestions - What you should know [t.nn8dmo3ghr8e] @ 15534-15601; Suggestions - What you should know [t.nn8dmo3ghr8e] @ 15602-15947; Suggestions - What you should know [t.nn8dmo3ghr8e] @ 15948-16285; Suggestions - What you should know [t.nn8dmo3ghr8e] @ 16286-16344; Suggestions - What you should know [t.nn8dmo3ghr8e] @ 16345-16402","It is recommended that you receive follow-up STI testing two weeks, six weeks, three months, and six months after a sexual assault.","Medications","ALtnJHxJzz28bHOAk-CHLQwpsGWMVLejh99h1rcRLJf280LGm72weISIx_C4suQGDnKGpuP7eTxOQhNgwrMXLIgsgZ6tZKME4WGM66kn","ALtnJHwceQF38ZAgAmDj2op6BH8bxjGSWx5hwrncfpHuB8x6SjRlgw26s9JPm4gTk_AljVRiQ540L0IOyVnRa4XcotFTE9JwEtfDmh6m","Section-aware exact paragraph diff. Each side is copied verbatim from the Google Docs connector; paragraph separators are inserted as blank lines and source control characters are escaped. Blocks are bounded by paragraphs that match exactly. No semantic or legal/medical interpretation."
"S05-B04","Hospital Visit","changed_or_restructured","If pregnancy is a possibility for you, you have options. Whether you choose to continue your pregnancy or not is your choice. Illinois does not require parental consent or parental notification for those under 18 who are seeking an abortion. No one can force you to make a decision you don’t want to. You may want to discuss your options, even how to get or take a pregnancy test, with your Resilience advocate. You can call us at 312-443-9603.

Inpatient Care

If you are admitted to the hospital as an inpatient, you may be billed for inpatient services provided by a hospital, health care professional, laboratory, or pharmacy. If you have insurance coverage, your insurance company will be billed and you may be responsible for any co-pay, deductible, or co-insurance assessed by your insurance company. If you have no insurance, you may be eligible for a discount under the Hospital Uninsured Patient Discount Act.\u000B\u000B To find out if you are eligible for financial help under the Crime Victims Compensation Act, contact the Office of the Illinois Attorney General, Crime Victim Services Division at 1-800-228-3368 (Voice)/1-877-398-1130 (TTY). You may also contact Resilience at 312-443-9603 to work with an advocate in filing for Crime Victims Compensation. (NOTE: The information in #6 applies only if you were admitted to the hospital for inpatient services)

Evidence Collection, also known as a rape kit or Illinois State Police Sexual Assault Evidence Collection Kit (ISPECK)

Evidence collection is optional and may assist in a criminal or child protection

investigation. Evidence is collected using an Illinois State Police Sexual Assault

Evidence Collection Kit (ISPECK). Hospitals are required to offer an ISPECK to anyone at any age within 7 days of the last sexual contact, in accordance with the guidelines of the Sexual Assault Survivors Emergency Treatment Act (SASETA).\u000B\u000BWe like to think of the ISPECK as a way to ‘freeze’ a moment in time. It documents things like bruises, injuries, and physical evidence of sexual activity - like DNA (from saliva, semen, hair). It can include photos, an internal exam, a toxicology screening for the use of drugs or alcohol, testing of clothes or wigs worn during the assault, and more. All steps are optional. It’s important to note that the ISPECK cannot prove if an assault happened (you know best!) - it can only document what physical evidence is on the body.","If pregnancy is a possibility for you, you have options. Whether you choose to continue your pregnancy or not is your choice. Illinois does not require parental consent or parental notification for those under 18 who are seeking an abortion. No one can force you to make a decision you don’t want to. You may want to discuss your options, even how to get or take a pregnancy test, with your Resilience advocate. You can call us to support you through the process.

312-443-9603

Evidence Collection

What is it?

Evidence is collected using an Illinois State Police Sexual Assault Evidence Collection Kit (ISPECK). Evidence collection is optional and may assist in a criminal or child protection investigation.

Hospitals are required to offer an ISPECK to anyone at any age within 7 days of the last sexual contact, in accordance with the guidelines of the Sexual Assault Survivors Emergency Treatment Act (SASETA).

How does it work?

We like to think of the ISPECK as a way to ‘freeze’ a moment in time. It documents things like bruises, injuries, and physical evidence of sexual activity - like DNA (from saliva, semen, hair). It can include photos, an internal exam, a toxicology screening for the use of drugs or alcohol, testing of clothes or wigs worn during the assault, and more.

All steps are optional. It’s important to note that the ISPECK cannot prove if an assault happened (you know best!) - it can only document what physical evidence is on the body.

There are two steps to consenting to evidence collection:

Consent to the collection of evidence

Consent to either holding the kit in storage or releasing the evidence to law enforcement for testing.

Timeline

A patient may choose to have an ISPECK collected and may decide later whether or not they want it tested. Law enforcement must hold the ISPECK for 10 years or until the patient’s 28th birthday, whichever happens latest, while the patient decides whether or not to have the evidence tested.

Note:

Anyone at any age can consent to treatment and evidence collection related to a sexual assault. A minor under 13 years of age needs a parent, legal guardian, or healthcare power of attorney to release the kit for testing and with the assent of the sexual assault survivor.

No person, regardless of age, should be forced to complete the evidence collection process.

People with disabilities do not need a guardian present to consent to medical treatment, evidence collection, or release of evidence for testing.

If a survivor is unable to consent to the release of evidence for testing and their parent, legal guardian, and/or healthcare power of attorney refuse to do so, the State's Attorney or Attorney General can petition the court to authorize release for testing. No person with a disability should ever be forced to complete evidence collection.","Your Hospital Visit [t.vyfgsnx4tqhc] @ 7103-7547; Your Hospital Visit [t.vyfgsnx4tqhc] @ 7549-7563; Your Hospital Visit [t.vyfgsnx4tqhc] @ 7564-8466; Your Hospital Visit [t.vyfgsnx4tqhc] @ 8468-8586; Your Hospital Visit [t.vyfgsnx4tqhc] @ 8588-8668; Your Hospital Visit [t.vyfgsnx4tqhc] @ 8669-8751; Your Hospital Visit [t.vyfgsnx4tqhc] @ 8752-9522","Suggestions - What you should know [t.nn8dmo3ghr8e] @ 16766-17229; Suggestions - What you should know [t.nn8dmo3ghr8e] @ 17230-17242; Suggestions - What you should know [t.nn8dmo3ghr8e] @ 17243-17262; Suggestions - What you should know [t.nn8dmo3ghr8e] @ 17263-17274; Suggestions - What you should know [t.nn8dmo3ghr8e] @ 17275-17472; Suggestions - What you should know [t.nn8dmo3ghr8e] @ 17473-17677; Suggestions - What you should know [t.nn8dmo3ghr8e] @ 17678-17695; Suggestions - What you should know [t.nn8dmo3ghr8e] @ 17696-18048; Suggestions - What you should know [t.nn8dmo3ghr8e] @ 18049-18226; Suggestions - What you should know [t.nn8dmo3ghr8e] @ 18227-18284; Suggestions - What you should know [t.nn8dmo3ghr8e] @ 18285-18322; Suggestions - What you should know [t.nn8dmo3ghr8e] @ 18323-18425; Suggestions - What you should know [t.nn8dmo3ghr8e] @ 18426-18434; Suggestions - What you should know [t.nn8dmo3ghr8e] @ 18435-18724; Suggestions - What you should know [t.nn8dmo3ghr8e] @ 18725-18730; Suggestions - What you should know [t.nn8dmo3ghr8e] @ 18731-19003; Suggestions - What you should know [t.nn8dmo3ghr8e] @ 19004-19095; Suggestions - What you should know [t.nn8dmo3ghr8e] @ 19096-19241; Suggestions - What you should know [t.nn8dmo3ghr8e] @ 19242-19583","Pregnancy","[SECTION END]","ALtnJHxJzz28bHOAk-CHLQwpsGWMVLejh99h1rcRLJf280LGm72weISIx_C4suQGDnKGpuP7eTxOQhNgwrMXLIgsgZ6tZKME4WGM66kn","ALtnJHwceQF38ZAgAmDj2op6BH8bxjGSWx5hwrncfpHuB8x6SjRlgw26s9JPm4gTk_AljVRiQ540L0IOyVnRa4XcotFTE9JwEtfDmh6m","Section-aware exact paragraph diff. Each side is copied verbatim from the Google Docs connector; paragraph separators are inserted as blank lines and source control characters are escaped. Blocks are bounded by paragraphs that match exactly. No semantic or legal/medical interpretation."
"S06-B01","Legal Process","changed_or_restructured","Criminal Legal Procedures

Sexual assault and abuse are violent crimes. Like all other violent crimes, it is the responsibility of the state to prosecute the offender. Making a police report is the first step in prosecuting the person who harmed you. Anyone at any age can make a police report, and you have many options when it comes to how and where to report a sexual assault. You can report a sexual assault in person at the hospital, at a police station, or over the phone. You can choose to make the report yourself or ask a healthcare provider or loved one to do so on your behalf. Remember that reporting does not mean that you are committing to participating in a criminal investigation, but without your participation, it is more difficult for a State’s Attorney to prosecute the case. Seeking police assistance and court action may involve you in a long and complex process, but a Resilience advocate can support you through that process and answer any questions you might have.","Legal Process

Sexual assault and abuse are violent crimes, it’s the responsibility of the state to prosecute.

First Step

Making a police report is the first step in prosecuting the person who harmed you. Anyone at any age can make a police report, and you have many options when it comes to how and where to report a sexual assault.

You can report a sexual assault in person at the hospital, \u000Bat a police station, or over the phone.

You can choose to make the report yourself or ask a healthcare provider or loved one to do so on your behalf.

Remember that reporting does not mean that you are committing to participating in a criminal investigation, but without your participation, it is more difficult for a State’s Attorney to prosecute the case.

Seeking police assistance and court action may involve you in a long and complex process, but a Resilience advocate can support you through that process and answer any questions you might have.","The Legal Process [t.8k5rcpxv2p20] @ 1-26; The Legal Process [t.8k5rcpxv2p20] @ 27-989","Suggestions - What you should know [t.nn8dmo3ghr8e] @ 19588-19601; Suggestions - What you should know [t.nn8dmo3ghr8e] @ 19602-19697; Suggestions - What you should know [t.nn8dmo3ghr8e] @ 19698-19708; Suggestions - What you should know [t.nn8dmo3ghr8e] @ 19709-19920; Suggestions - What you should know [t.nn8dmo3ghr8e] @ 19921-20020; Suggestions - What you should know [t.nn8dmo3ghr8e] @ 20021-20130; Suggestions - What you should know [t.nn8dmo3ghr8e] @ 20131-20337; Suggestions - What you should know [t.nn8dmo3ghr8e] @ 20338-20531","[SECTION START]","If someone is arrested for a sex crime, a charging decision will be made by a prosecutor and/or judge. You have specific rights and options within the criminal legal system, including access to information about your case, the right to work with an advocate, the right to converse with the prosecution, and to have your safety taken into consideration during pretrial proceedings.","ALtnJHxJzz28bHOAk-CHLQwpsGWMVLejh99h1rcRLJf280LGm72weISIx_C4suQGDnKGpuP7eTxOQhNgwrMXLIgsgZ6tZKME4WGM66kn","ALtnJHwceQF38ZAgAmDj2op6BH8bxjGSWx5hwrncfpHuB8x6SjRlgw26s9JPm4gTk_AljVRiQ540L0IOyVnRa4XcotFTE9JwEtfDmh6m","Section-aware exact paragraph diff. Each side is copied verbatim from the Google Docs connector; paragraph separators are inserted as blank lines and source control characters are escaped. Blocks are bounded by paragraphs that match exactly. No semantic or legal/medical interpretation."
"S06-B02","Legal Process","changed_or_restructured","Survivors who have experienced sexual or domestic violence committed by a City of Chicago police officer can report the incident to Civilian Office of Police Accountability (COPA) by phone, mail, or in person. COPA investigates certain crimes committed by Chicago police officers, whether on or off duty. For more information, visit their website at https://www.chicagocopa.org/complaints/.

Orders of Protection","Survivors who have experienced sexual or domestic violence committed by a City of Chicago police officer can report the incident to the Civilian Office of Police Accountability (COPA) by phone, mail, or in person. COPA investigates certain crimes committed by Chicago police officers, whether on or off duty.

For more information, visit their website at www.chicagocopa.org/complaints.\u000BA Resilience advocate can support you through the process.

<page break>Orders of Protection","The Legal Process [t.8k5rcpxv2p20] @ 1861-2251; The Legal Process [t.8k5rcpxv2p20] @ 2253-2273","Suggestions - What you should know [t.nn8dmo3ghr8e] @ 21403-21711; Suggestions - What you should know [t.nn8dmo3ghr8e] @ 21712-21847; Suggestions - What you should know [t.nn8dmo3ghr8e] @ 21850-21882","Civilian Office of Police Accountability (COPA)","Orders of Protection under the Illinois Domestic Violence Act","ALtnJHxJzz28bHOAk-CHLQwpsGWMVLejh99h1rcRLJf280LGm72weISIx_C4suQGDnKGpuP7eTxOQhNgwrMXLIgsgZ6tZKME4WGM66kn","ALtnJHwceQF38ZAgAmDj2op6BH8bxjGSWx5hwrncfpHuB8x6SjRlgw26s9JPm4gTk_AljVRiQ540L0IOyVnRa4XcotFTE9JwEtfDmh6m","Section-aware exact paragraph diff. Each side is copied verbatim from the Google Docs connector; paragraph separators are inserted as blank lines and source control characters are escaped. Blocks are bounded by paragraphs that match exactly. No semantic or legal/medical interpretation."
"S06-B03","Legal Process","changed_or_restructured","Protections: A judge can grant up to 18 protections, including prohibiting further abuse, ordering the offender to stay away, taking away a Firearm Owners Identification (FOID) card, protecting property and pets, requiring financial support, providing temporary care of children, and ordering exclusive possession of the home. Violations of a Domestic Violence Order of Protection may result in criminal charges.

Who is eligible? Family or household members who:","A judge can grant up to 18 protections, including...

prohibiting further abuse,

ordering the offender to stay away,

taking away a Firearm Owners Identification (FOID) card,

protecting property and pets,

requiring financial support,

providing temporary care of children, and

ordering exclusive possession of the home.

Violations of a Domestic Violence Order of Protection may result in criminal charges.

Who is eligible for protection?\u000BFamily or household members who:","The Legal Process [t.8k5rcpxv2p20] @ 2336-2748; The Legal Process [t.8k5rcpxv2p20] @ 2749-2798","Suggestions - What you should know [t.nn8dmo3ghr8e] @ 21945-21997; Suggestions - What you should know [t.nn8dmo3ghr8e] @ 21998-22024; Suggestions - What you should know [t.nn8dmo3ghr8e] @ 22025-22060; Suggestions - What you should know [t.nn8dmo3ghr8e] @ 22061-22117; Suggestions - What you should know [t.nn8dmo3ghr8e] @ 22118-22147; Suggestions - What you should know [t.nn8dmo3ghr8e] @ 22148-22176; Suggestions - What you should know [t.nn8dmo3ghr8e] @ 22177-22218; Suggestions - What you should know [t.nn8dmo3ghr8e] @ 22219-22261; Suggestions - What you should know [t.nn8dmo3ghr8e] @ 22262-22347; Suggestions - What you should know [t.nn8dmo3ghr8e] @ 22348-22412","Orders of Protection under the Illinois Domestic Violence Act","Are related by blood or by current or former marriage to the offender;","ALtnJHxJzz28bHOAk-CHLQwpsGWMVLejh99h1rcRLJf280LGm72weISIx_C4suQGDnKGpuP7eTxOQhNgwrMXLIgsgZ6tZKME4WGM66kn","ALtnJHwceQF38ZAgAmDj2op6BH8bxjGSWx5hwrncfpHuB8x6SjRlgw26s9JPm4gTk_AljVRiQ540L0IOyVnRa4XcotFTE9JwEtfDmh6m","Section-aware exact paragraph diff. Each side is copied verbatim from the Google Docs connector; paragraph separators are inserted as blank lines and source control characters are escaped. Blocks are bounded by paragraphs that match exactly. No semantic or legal/medical interpretation."
"S06-B04","Legal Process","changed_or_restructured","Sexual Assault Civil No Contact Order

Protections: The judge can grant any or all of the following protections:

Prohibit contact with the victim by any means, including contact through third parties;

Order the offender to stay away from the victim generally and/or to stay away from specific locations like school or work; and

Other protections as deemed necessary.

Who is eligible? Any person who is a victim of nonconsensual sexual conduct or penetration. These orders can also protect family or household members of a victim and rape crisis center employees or volunteers. Violations of a Sexual Assault Civil No Contact Order may result in criminal charges.","Illinois Gender Violence Act (GVA)

The GVA is a civil rights law that allows survivors of sex-based violence, including domestic violence and sexual assault, to sue the person who harmed them in civil court. The GVA went into effect on January 1, 2004, and may be used by any person who has experienced sex-based violence since inception. The GVA may be used by any survivor regardless of whether or not they ever filed a police report or if their abuser was ever criminally charged or prosecuted. The statute of limitations under GVA is seven years.","The Legal Process [t.8k5rcpxv2p20] @ 3121-3158; The Legal Process [t.8k5rcpxv2p20] @ 3159-3232; The Legal Process [t.8k5rcpxv2p20] @ 3233-3320; The Legal Process [t.8k5rcpxv2p20] @ 3321-3447; The Legal Process [t.8k5rcpxv2p20] @ 3448-3486; The Legal Process [t.8k5rcpxv2p20] @ 3487-3782","Suggestions - What you should know [t.nn8dmo3ghr8e] @ 22735-22769; Suggestions - What you should know [t.nn8dmo3ghr8e] @ 22770-23285","Are high risk adults with disabilities abused by a family member or caregiver.","Stalking No Contact Order","ALtnJHxJzz28bHOAk-CHLQwpsGWMVLejh99h1rcRLJf280LGm72weISIx_C4suQGDnKGpuP7eTxOQhNgwrMXLIgsgZ6tZKME4WGM66kn","ALtnJHwceQF38ZAgAmDj2op6BH8bxjGSWx5hwrncfpHuB8x6SjRlgw26s9JPm4gTk_AljVRiQ540L0IOyVnRa4XcotFTE9JwEtfDmh6m","Section-aware exact paragraph diff. Each side is copied verbatim from the Google Docs connector; paragraph separators are inserted as blank lines and source control characters are escaped. Blocks are bounded by paragraphs that match exactly. No semantic or legal/medical interpretation."
"S06-B05","Legal Process","changed_or_restructured","Protections: The judge can grant any or all of the following protections:","The judge can grant any or all of the following protections:","The Legal Process [t.8k5rcpxv2p20] @ 3809-3882","Suggestions - What you should know [t.nn8dmo3ghr8e] @ 23314-23374","Stalking No Contact Order","Prohibit further stalking or threats of stalking;","ALtnJHxJzz28bHOAk-CHLQwpsGWMVLejh99h1rcRLJf280LGm72weISIx_C4suQGDnKGpuP7eTxOQhNgwrMXLIgsgZ6tZKME4WGM66kn","ALtnJHwceQF38ZAgAmDj2op6BH8bxjGSWx5hwrncfpHuB8x6SjRlgw26s9JPm4gTk_AljVRiQ540L0IOyVnRa4XcotFTE9JwEtfDmh6m","Section-aware exact paragraph diff. Each side is copied verbatim from the Google Docs connector; paragraph separators are inserted as blank lines and source control characters are escaped. Blocks are bounded by paragraphs that match exactly. No semantic or legal/medical interpretation."
"S06-B06","Legal Process","changed_or_restructured","Who is eligible? Any person who is the victim of behaviors that cause them to fear for their safety, for the safety of another person, or to suffer emotional distress on at least two separate occasions. This excludes instances of domestic and/or sexual violence, since protections are already available via the Illinois Domestic Violence Act or through a Sexual Assault Civil No Contact Order. Violations of a Stalking No Contact Order may result in criminal charges.

Illinois Gender Violence Act (GVA)

The GVA is a civil rights law that allows survivors of sex-based violence, including domestic violence and sexual assault, to sue the person who harmed them in civil court. The GVA went into effect on January 1, 2004, and may be used by any person who has experienced sex-based violence since inception. The GVA may be used by any survivor regardless of whether or not they ever filed a police report or if their abuser was ever criminally charged or prosecuted. The statute of limitations under GVA is seven years.","Violations of a Domestic Violence Order of Protection may result in criminal charges.

Who is eligible for protection?\u000BAny person who is the victim of behaviors that cause them to fear for their safety, for the safety of another person, or to suffer emotional distress on at least two separate occasions. This excludes instances of domestic and/or sexual violence, since protections are already available via the Illinois Domestic Violence Act or through a Sexual Assault Civil No Contact Order. Violations of a Stalking No Contact Order may result in criminal charges.

Sexual Assault Civil No Contact Order

A judge can grant any or all of the following protections:

Prohibit contact with the victim by any means, including contact through third parties;

Order the offender to stay away from the victim generally and/or to stay away from specific locations like school or work; and

Other protections as deemed necessary.

Who is eligible for protection? \u000BAny person who is a victim of nonconsensual sexual conduct or penetration. These orders can also protect family or household members of a victim and rape crisis center employees or volunteers. Violations of a Sexual Assault Civil No Contact Order may result in criminal charges.","The Legal Process [t.8k5rcpxv2p20] @ 4149-4616; The Legal Process [t.8k5rcpxv2p20] @ 4617-4651; The Legal Process [t.8k5rcpxv2p20] @ 4652-5167","Suggestions - What you should know [t.nn8dmo3ghr8e] @ 23641-23726; Suggestions - What you should know [t.nn8dmo3ghr8e] @ 23727-24209; Suggestions - What you should know [t.nn8dmo3ghr8e] @ 24210-24247; Suggestions - What you should know [t.nn8dmo3ghr8e] @ 24248-24306; Suggestions - What you should know [t.nn8dmo3ghr8e] @ 24307-24394; Suggestions - What you should know [t.nn8dmo3ghr8e] @ 24395-24521; Suggestions - What you should know [t.nn8dmo3ghr8e] @ 24522-24560; Suggestions - What you should know [t.nn8dmo3ghr8e] @ 24561-24872","Other protections as deemed necessary.","Survivor-Based Immigration Options","ALtnJHxJzz28bHOAk-CHLQwpsGWMVLejh99h1rcRLJf280LGm72weISIx_C4suQGDnKGpuP7eTxOQhNgwrMXLIgsgZ6tZKME4WGM66kn","ALtnJHwceQF38ZAgAmDj2op6BH8bxjGSWx5hwrncfpHuB8x6SjRlgw26s9JPm4gTk_AljVRiQ540L0IOyVnRa4XcotFTE9JwEtfDmh6m","Section-aware exact paragraph diff. Each side is copied verbatim from the Google Docs connector; paragraph separators are inserted as blank lines and source control characters are escaped. Blocks are bounded by paragraphs that match exactly. No semantic or legal/medical interpretation."
"S06-B07","Legal Process","changed_or_restructured","Violence Against Women Act (VAWA): Provides protections for victims of domestic and sexual violence. If you are married to your domestic violence abuser and they are a citizen or a legal resident, you may be able to take their place in petitioning or continuing a petition for legal residency.

U-Visa: If you are a victim of domestic or sexual violence, you may be eligible for a U-Visa, which if granted, would allow you to remain in the United States for 4 years and make you eligible for work authorization. After 3 years, you may apply for legal residency. To be eligible for a U-Visa, you must report the offense and cooperate with the investigation and prosecution of the criminal case to the extent that you are asked to do so.

T-Visa: If you are a victim of human trafficking, you may be eligible for a T-Visa, which would allow you to remain in the United Sates for up to 4 years and make you eligible for work authorization and certain state and federal benefits and services. After 3 years, you may apply for legal residency. To be eligible for a T-Visa, you may be required to cooperate with an investigation and prosecution of a criminal case.","Violence Against Women Act (VAWA)

Provides protections for victims of domestic and sexual violence. If you are married to your domestic violence abuser and they are a citizen or a legal resident, you may be able to take their place in petitioning or continuing a petition for legal residency.

U-Visa

If you are a victim of domestic or sexual violence, you may be eligible for a U-Visa, which if granted, would allow you to remain in the United States for 4 years and make you eligible for work authorization. After 3 years, you may apply for legal residency. To be eligible for a U-Visa, you must report the offense and cooperate with the investigation and prosecution of the criminal case to the extent that you are asked to do so.

T-Visa

If you are a victim of human trafficking, you may be eligible for a T-Visa, which would allow you to remain in the United States for up to 4 years and make you eligible for work authorization and certain state and federal benefits and services. After 3 years, you may apply for legal residency. To be eligible for a T-Visa, you may be required to cooperate with an investigation and prosecution of a criminal case.

A Resilience advocate can support you through the process.

ourresilience.org | 312-443-9603 | info@ourresilience.org","The Legal Process [t.8k5rcpxv2p20] @ 5203-5496; The Legal Process [t.8k5rcpxv2p20] @ 5497-5937; The Legal Process [t.8k5rcpxv2p20] @ 5938-6359","Suggestions - What you should know [t.nn8dmo3ghr8e] @ 24911-24944; Suggestions - What you should know [t.nn8dmo3ghr8e] @ 24945-25203; Suggestions - What you should know [t.nn8dmo3ghr8e] @ 25204-25210; Suggestions - What you should know [t.nn8dmo3ghr8e] @ 25211-25643; Suggestions - What you should know [t.nn8dmo3ghr8e] @ 25644-25650; Suggestions - What you should know [t.nn8dmo3ghr8e] @ 25651-26065; Suggestions - What you should know [t.nn8dmo3ghr8e] @ 26067-26125; Suggestions - What you should know [t.nn8dmo3ghr8e] @ 26126-26183","Survivor-Based Immigration Options","[SECTION END]","ALtnJHxJzz28bHOAk-CHLQwpsGWMVLejh99h1rcRLJf280LGm72weISIx_C4suQGDnKGpuP7eTxOQhNgwrMXLIgsgZ6tZKME4WGM66kn","ALtnJHwceQF38ZAgAmDj2op6BH8bxjGSWx5hwrncfpHuB8x6SjRlgw26s9JPm4gTk_AljVRiQ540L0IOyVnRa4XcotFTE9JwEtfDmh6m","Section-aware exact paragraph diff. Each side is copied verbatim from the Google Docs connector; paragraph separators are inserted as blank lines and source control characters are escaped. Blocks are bounded by paragraphs that match exactly. No semantic or legal/medical interpretation."
"S07-B01","At School and Work","added_in_suggested","","At School and Work","","Suggestions - What you should know [t.nn8dmo3ghr8e] @ 26185-26203","[SECTION START]","School Accommodations","ALtnJHxJzz28bHOAk-CHLQwpsGWMVLejh99h1rcRLJf280LGm72weISIx_C4suQGDnKGpuP7eTxOQhNgwrMXLIgsgZ6tZKME4WGM66kn","ALtnJHwceQF38ZAgAmDj2op6BH8bxjGSWx5hwrncfpHuB8x6SjRlgw26s9JPm4gTk_AljVRiQ540L0IOyVnRa4XcotFTE9JwEtfDmh6m","Section-aware exact paragraph diff. Each side is copied verbatim from the Google Docs connector; paragraph separators are inserted as blank lines and source control characters are escaped. Blocks are bounded by paragraphs that match exactly. No semantic or legal/medical interpretation."
"S07-B02","At School and Work","removed_from_suggested","Additionally, the Preventing Sexual Violence in Higher Education Act requires that colleges and universities provide access to a Confidential Advisor. This individual may help navigate options and is not a mandated reporter at the institution.","","At School and Work [t.prnd3suwzd82] @ 398-641","","State and federal law prohibit sex discrimination in educational settings. A school’s failure to respond to reports of sexual violence or to accommodate student survivors may qualify as sex discrimination under these laws. If the person who caused harm is a student or faculty of the school, then the school also has a responsibility to investigate the harm you experienced.","If you choose to file a Title IX complaint and engage in the Title IX process, you may be able to pursue disciplinary action against the person who harmed you and access accommodations such as:","ALtnJHxJzz28bHOAk-CHLQwpsGWMVLejh99h1rcRLJf280LGm72weISIx_C4suQGDnKGpuP7eTxOQhNgwrMXLIgsgZ6tZKME4WGM66kn","ALtnJHwceQF38ZAgAmDj2op6BH8bxjGSWx5hwrncfpHuB8x6SjRlgw26s9JPm4gTk_AljVRiQ540L0IOyVnRa4XcotFTE9JwEtfDmh6m","Section-aware exact paragraph diff. Each side is copied verbatim from the Google Docs connector; paragraph separators are inserted as blank lines and source control characters are escaped. Blocks are bounded by paragraphs that match exactly. No semantic or legal/medical interpretation."
"S07-B03","At School and Work","changed_or_restructured","Extensions on assignments/exams; and

Withdrawing from school without financial penalty.

*Please note that requesting accommodations from a professor or teaching assistant who is not a Confidential Advisor will trigger a mandated report.","Extensions on assignments/exams;","At School and Work [t.prnd3suwzd82] @ 1036-1072; At School and Work [t.prnd3suwzd82] @ 1073-1123; At School and Work [t.prnd3suwzd82] @ 1124-1272","Suggestions - What you should know [t.nn8dmo3ghr8e] @ 26995-27027","Excused absences;","Employment Accommodations","ALtnJHxJzz28bHOAk-CHLQwpsGWMVLejh99h1rcRLJf280LGm72weISIx_C4suQGDnKGpuP7eTxOQhNgwrMXLIgsgZ6tZKME4WGM66kn","ALtnJHwceQF38ZAgAmDj2op6BH8bxjGSWx5hwrncfpHuB8x6SjRlgw26s9JPm4gTk_AljVRiQ540L0IOyVnRa4XcotFTE9JwEtfDmh6m","Section-aware exact paragraph diff. Each side is copied verbatim from the Google Docs connector; paragraph separators are inserted as blank lines and source control characters are escaped. Blocks are bounded by paragraphs that match exactly. No semantic or legal/medical interpretation."
"S07-B04","At School and Work","changed_or_restructured","Seek medical attention or recover from physical or psychological injuries caused by domestic or sexual

violence;","Seek medical attention or recover from physical or psychological injuries caused by domestic or sexual violence;","At School and Work [t.prnd3suwzd82] @ 1574-1676; At School and Work [t.prnd3suwzd82] @ 1677-1686","Suggestions - What you should know [t.nn8dmo3ghr8e] @ 27330-27442","The Victims’ Economic Security and Safety Act (VESSA) allows victims of domestic, sexual, or gender-based violence, or who have family or household members who have experienced such violence, to take unpaid leave from work without penalty, discrimination, or retaliation to:","Obtain services from a victim services program;","ALtnJHxJzz28bHOAk-CHLQwpsGWMVLejh99h1rcRLJf280LGm72weISIx_C4suQGDnKGpuP7eTxOQhNgwrMXLIgsgZ6tZKME4WGM66kn","ALtnJHwceQF38ZAgAmDj2op6BH8bxjGSWx5hwrncfpHuB8x6SjRlgw26s9JPm4gTk_AljVRiQ540L0IOyVnRa4XcotFTE9JwEtfDmh6m","Section-aware exact paragraph diff. Each side is copied verbatim from the Google Docs connector; paragraph separators are inserted as blank lines and source control characters are escaped. Blocks are bounded by paragraphs that match exactly. No semantic or legal/medical interpretation."
"S07-B05","At School and Work","changed_or_restructured","Employers with 1-14 employees must allow up to 4 weeks of unpaid leave. Employers with 15 or more employees must allow up to 8 weeks of unpaid leave. Employers with 50 or more employees must allow up to 12 weeks of unpaid leave. Leave may be taken as needed during a 12-month period.

An employer may require certification that the employee is a victim of domestic or sexual violence or that a family member is a victim. Documentation can include a letter from a victim service agency like Resilience, an attorney, a member of the clergy, medical or other professional providing services to the victim, or a police or court record. Employers must maintain the confidentiality of the employee requesting to take time off under VESSA. Employers must also make reasonable accommodations in a timely manner unless doing so would cause undue hardship.","Leave

Leave may be taken as needed during a 12-month period. \u000BEmployers with...

1-14 employees must allow up to 4 weeks of unpaid leave.

15 or more employees must allow up to 8 weeks of unpaid leave.

50 or more employees must allow up to 12 weeks of unpaid leave.

Documentation

An employer may require certification that the employee is a victim of domestic or sexual violence or that a family member is a victim. Documentation can include a letter from a victim service agency like Resilience, an attorney, a member of the clergy, medical or other professional providing services to the victim, or a police or court record.

Confidentiality

Employers must maintain the confidentiality of the employee requesting to take time off under VESSA. Employers must also make reasonable accommodations in a timely manner unless doing so would cause undue hardship.","At School and Work [t.prnd3suwzd82] @ 1920-2203; At School and Work [t.prnd3suwzd82] @ 2204-2765","Suggestions - What you should know [t.nn8dmo3ghr8e] @ 27676-27681; Suggestions - What you should know [t.nn8dmo3ghr8e] @ 27682-27755; Suggestions - What you should know [t.nn8dmo3ghr8e] @ 27756-27812; Suggestions - What you should know [t.nn8dmo3ghr8e] @ 27813-27875; Suggestions - What you should know [t.nn8dmo3ghr8e] @ 27876-27939; Suggestions - What you should know [t.nn8dmo3ghr8e] @ 27940-27953; Suggestions - What you should know [t.nn8dmo3ghr8e] @ 27954-28300; Suggestions - What you should know [t.nn8dmo3ghr8e] @ 28301-28316; Suggestions - What you should know [t.nn8dmo3ghr8e] @ 28317-28531","Seek legal assistance or go to court.","Reasonable accommodations may include a transfer or reassignment, a modified work schedule, a change in telephone number or seating assignment, lock installation, or implementation of a safety procedure.","ALtnJHxJzz28bHOAk-CHLQwpsGWMVLejh99h1rcRLJf280LGm72weISIx_C4suQGDnKGpuP7eTxOQhNgwrMXLIgsgZ6tZKME4WGM66kn","ALtnJHwceQF38ZAgAmDj2op6BH8bxjGSWx5hwrncfpHuB8x6SjRlgw26s9JPm4gTk_AljVRiQ540L0IOyVnRa4XcotFTE9JwEtfDmh6m","Section-aware exact paragraph diff. Each side is copied verbatim from the Google Docs connector; paragraph separators are inserted as blank lines and source control characters are escaped. Blocks are bounded by paragraphs that match exactly. No semantic or legal/medical interpretation."
"S07-B06","At School and Work","added_in_suggested","","A Resilience advocate can support you through the process.

ourresilience.org | 312-443-9603 | info@ourresilience.org","","Suggestions - What you should know [t.nn8dmo3ghr8e] @ 29275-29333; Suggestions - What you should know [t.nn8dmo3ghr8e] @ 29334-29391","Please note that VESSA is not the same as the Family Medical Leave Act (FMLA), which also provides unpaid medical leave for various other personal or family medical reasons. If you do not qualify for VESSA, you may still utilize unpaid time off from work in order to appear in a criminal case. By law, no employer can terminate or punish an employee who has been subpoenaed as a witness to a crime. If you have not already received a subpoena and your presence is required in court, the State’s Attorney’s Office can provide one for you.","[SECTION END]","ALtnJHxJzz28bHOAk-CHLQwpsGWMVLejh99h1rcRLJf280LGm72weISIx_C4suQGDnKGpuP7eTxOQhNgwrMXLIgsgZ6tZKME4WGM66kn","ALtnJHwceQF38ZAgAmDj2op6BH8bxjGSWx5hwrncfpHuB8x6SjRlgw26s9JPm4gTk_AljVRiQ540L0IOyVnRa4XcotFTE9JwEtfDmh6m","Section-aware exact paragraph diff. Each side is copied verbatim from the Google Docs connector; paragraph separators are inserted as blank lines and source control characters are escaped. Blocks are bounded by paragraphs that match exactly. No semantic or legal/medical interpretation."
"S08-B01","Housing","changed_or_restructured","Safe Homes Act: Whether you live with your parents, another caretaker, or on your own, your landlord must allow you to break your lease early or change your locks if you or any member of your household is a victim of domestic or sexual violence and:","Housing

Safe Homes Act: 

Whether you live with your parents, another caretaker, or on your own, your landlord must allow you to break your lease early or change your locks if you or any member of your household is a victim of domestic or sexual violence and:","Housing [t.kdyhuw4044w] @ 1-250","Suggestions - What you should know [t.nn8dmo3ghr8e] @ 29396-29403; Suggestions - What you should know [t.nn8dmo3ghr8e] @ 29404-29420; Suggestions - What you should know [t.nn8dmo3ghr8e] @ 29421-29654","[SECTION START]","There is a credible imminent threat of future harm on the premises; and","ALtnJHxJzz28bHOAk-CHLQwpsGWMVLejh99h1rcRLJf280LGm72weISIx_C4suQGDnKGpuP7eTxOQhNgwrMXLIgsgZ6tZKME4WGM66kn","ALtnJHwceQF38ZAgAmDj2op6BH8bxjGSWx5hwrncfpHuB8x6SjRlgw26s9JPm4gTk_AljVRiQ540L0IOyVnRa4XcotFTE9JwEtfDmh6m","Section-aware exact paragraph diff. Each side is copied verbatim from the Google Docs connector; paragraph separators are inserted as blank lines and source control characters are escaped. Blocks are bounded by paragraphs that match exactly. No semantic or legal/medical interpretation."
"S08-B02","Housing","changed_or_restructured","If the incident occurred within the last 60 days, you may also end your lease early without penalty if there is imminent threat of future harm on the premises and you give your landlord written notice 3 days before or after you leave your apartment or house. If you or your family member is a victim of sexual violence that occurred on the premises, you can terminate your lease early without showing an imminent threat of future harm. For more information about these rights and options, contact a Resilience advocate at 312-443-9603.","If the incident occurred within the last 60 days, you may also end your lease early without penalty if there is imminent threat of future harm on the premises and you give your landlord written notice 3 days before or after you leave your apartment or house. If you or your family member is a victim of sexual violence that occurred on the premises, you can terminate your lease early without showing an imminent threat of future harm. For more information about these rights and options, contact a Resilience advocate.

ourresilience.org | 312-443-9603 | info@ourresilience.org","Housing [t.kdyhuw4044w] @ 769-1304","Suggestions - What you should know [t.nn8dmo3ghr8e] @ 30173-30692; Suggestions - What you should know [t.nn8dmo3ghr8e] @ 30693-30750","If you share an oral or written lease with your abuser, you must also obtain a court order, such as an Order of Protection or Civil No Contact Order, granting you exclusive possession of the residence. Your landlord must change the locks or give you permission to do so within 48 hours.","In need of a place to stay?","ALtnJHxJzz28bHOAk-CHLQwpsGWMVLejh99h1rcRLJf280LGm72weISIx_C4suQGDnKGpuP7eTxOQhNgwrMXLIgsgZ6tZKME4WGM66kn","ALtnJHwceQF38ZAgAmDj2op6BH8bxjGSWx5hwrncfpHuB8x6SjRlgw26s9JPm4gTk_AljVRiQ540L0IOyVnRa4XcotFTE9JwEtfDmh6m","Section-aware exact paragraph diff. Each side is copied verbatim from the Google Docs connector; paragraph separators are inserted as blank lines and source control characters are escaped. Blocks are bounded by paragraphs that match exactly. No semantic or legal/medical interpretation."
"S09-B01","FAQs","added_in_suggested","","FAQs","","Suggestions - What you should know [t.nn8dmo3ghr8e] @ 31178-31182","[SECTION START]","Big bunch of questions","ALtnJHxJzz28bHOAk-CHLQwpsGWMVLejh99h1rcRLJf280LGm72weISIx_C4suQGDnKGpuP7eTxOQhNgwrMXLIgsgZ6tZKME4WGM66kn","ALtnJHwceQF38ZAgAmDj2op6BH8bxjGSWx5hwrncfpHuB8x6SjRlgw26s9JPm4gTk_AljVRiQ540L0IOyVnRa4XcotFTE9JwEtfDmh6m","Section-aware exact paragraph diff. Each side is copied verbatim from the Google Docs connector; paragraph separators are inserted as blank lines and source control characters are escaped. Blocks are bounded by paragraphs that match exactly. No semantic or legal/medical interpretation."
"S10-B01","Related Resources","added_in_suggested","","Related Resources","","Suggestions - What you should know [t.nn8dmo3ghr8e] @ 31208-31225","[SECTION START]","Hotlines listed are available to call 24/7. They are free, confidential, and available in English and Spanish, as well as 200+ languages through interpretation service.","ALtnJHxJzz28bHOAk-CHLQwpsGWMVLejh99h1rcRLJf280LGm72weISIx_C4suQGDnKGpuP7eTxOQhNgwrMXLIgsgZ6tZKME4WGM66kn","ALtnJHwceQF38ZAgAmDj2op6BH8bxjGSWx5hwrncfpHuB8x6SjRlgw26s9JPm4gTk_AljVRiQ540L0IOyVnRa4XcotFTE9JwEtfDmh6m","Section-aware exact paragraph diff. Each side is copied verbatim from the Google Docs connector; paragraph separators are inserted as blank lines and source control characters are escaped. Blocks are bounded by paragraphs that match exactly. No semantic or legal/medical interpretation."
"S11-B01","Minors Rights, Consent, and Sexual Assault","added_in_suggested","","Minors Rights, Consent, and Sexual Assault

Illinois Coalition Against Sexual Assault - Aug 2022

How old does an individual have to be to...

Consent to sexual activity?

\u000BThat means _________________________________________

Age 17\u000B.

Age 18, IF:

The other party is in a position of trust, authority, or supervision

The other party is a family member

720 ILCS 5/11-1.50(b) & (c)

720 ILCS 5/11-1.60(c) & (d)

720 ILCS 5/11-1.20(a)(4)

720 ILCS 5/11-1.60(f)

720 ILCS 5/11-1.20(a)(3)

720 ILCS 5/11-1.60(b)

Consent to counseling at a rape crisis center?

That means _________________________________________

Age 12- 16

8 initial sessions, up to 90 minutes each, then 4-factor well-being test

405 ILCS 5/3–550 (citation renumbered effective 8/21/2021)

Decide whether a parent or guardian can be part of a minor’s rape crisis center counseling sessions or see minor’s file?

That means _________________________________________

Age 12

735 ILCS 5/8-802.1(c)(2)

Waive/choose not to waive privilege at a rape crisis center?

\u000BThat means _________________________________________

Age 12

735 ILCS 5/8-802.1(c)(4)

Consent to advocacy at a rape crisis center?

\u000BThat means _________________________________________

Age 12 - 16

Limited services consistent with 405 ILCS 5/3-550

Make a report to police without a parent or guardian?

\u000BThat means _________________________________________

Any Age - Law enforcement may not force anyone to make a report, but you could be subpoenaed to provide information.

Age 12 to get help from a rape crisis center

725 ILCS 203/20: SAIPA has no age restriction and requires “a law enforcement officer shall complete a written police report” when a person reports they were sexually assaulted or abused.

*As of 8/11/17, victims under age of 18 have no statute of limitations for sexual assault, aggravated sexual assault, predatory sexual assault of a child, aggravated sexual abuse, or felony sexual abuse. 720 ILCS 5/3-6(j)(1)

Consent to healthcare at the hospital?

\u000BThat means _________________________________________

Any Age - if a victim of sexual assault or abuse or who needs emergency treatment

410 ILCS 210/3(b), 410 ILCS 70/5-1(b), 410 ILCS 210/3(a)

Consent to evidence collection at the hospital?

\u000BThat means _________________________________________

Any Age

410 ILCS 70/5-1(b)

Consent to release an evidence collection kit for testing?

\u000BThat means _________________________________________

Age 13

A kit completed on a minor must be held by law enforcement for 10 years from the date the minor turns 18; they have until their 28th birthday to consent to release the kit for testing.

410 ILCS 70/6.5-1(a)(1), 410 ILCS 70/6.5-1(c)

File a petition for a...

Civil No Contact Order (CNCO),

Domestic Violence Order of Protection (OP), or

Stalking No Contact Order (SNCO)?

\u000BThat means _________________________________________

Any Age*

*In some counties, including Cook County, a minor must be accompanied by an adult who will petition on behalf of the minor.

CNCO:

740 ILCS 22/201(b)(1) & (2)

740 ILCS 22/213(a)

OP:

750 ILCS 60/201(b)(i)

750 ILCS 60/214(a)

SNCO:

740 ILCS 21/15(1) & (2)

740 ILCS 21/80(a)

Obtain birth control

\u000BThat means _________________________________________

Any Age*

*IF: (1) married, (2) a parent, (3) pregnant, (4) have parent/guardian consent, (5) failure to provide would create serious health hazard or (6) referred by physician, clergy, or planned parenthood agency

325 ILCS 10/1","","Suggestions - What you should know [t.nn8dmo3ghr8e] @ 31508-31550; Suggestions - What you should know [t.nn8dmo3ghr8e] @ 31551-31603; Suggestions - What you should know [t.nn8dmo3ghr8e] @ 31604-31647; Suggestions - What you should know [t.nn8dmo3ghr8e] @ 31651-31678; Suggestions - What you should know [t.nn8dmo3ghr8e] @ 31679-31732; Suggestions - What you should know [t.nn8dmo3ghr8e] @ 31739-31747; Suggestions - What you should know [t.nn8dmo3ghr8e] @ 31748-31759; Suggestions - What you should know [t.nn8dmo3ghr8e] @ 31760-31828; Suggestions - What you should know [t.nn8dmo3ghr8e] @ 31829-31863; Suggestions - What you should know [t.nn8dmo3ghr8e] @ 31870-31897; Suggestions - What you should know [t.nn8dmo3ghr8e] @ 31898-31925; Suggestions - What you should know [t.nn8dmo3ghr8e] @ 31927-31951; Suggestions - What you should know [t.nn8dmo3ghr8e] @ 31952-31973; Suggestions - What you should know [t.nn8dmo3ghr8e] @ 31975-31999; Suggestions - What you should know [t.nn8dmo3ghr8e] @ 32000-32021; Suggestions - What you should know [t.nn8dmo3ghr8e] @ 32027-32073; Suggestions - What you should know [t.nn8dmo3ghr8e] @ 32075-32127; Suggestions - What you should know [t.nn8dmo3ghr8e] @ 32130-32140; Suggestions - What you should know [t.nn8dmo3ghr8e] @ 32141-32213; Suggestions - What you should know [t.nn8dmo3ghr8e] @ 32216-32274; Suggestions - What you should know [t.nn8dmo3ghr8e] @ 32280-32400; Suggestions - What you should know [t.nn8dmo3ghr8e] @ 32402-32454; Suggestions - What you should know [t.nn8dmo3ghr8e] @ 32457-32463; Suggestions - What you should know [t.nn8dmo3ghr8e] @ 32466-32490; Suggestions - What you should know [t.nn8dmo3ghr8e] @ 32496-32556; Suggestions - What you should know [t.nn8dmo3ghr8e] @ 32557-32610; Suggestions - What you should know [t.nn8dmo3ghr8e] @ 32613-32619; Suggestions - What you should know [t.nn8dmo3ghr8e] @ 32622-32646; Suggestions - What you should know [t.nn8dmo3ghr8e] @ 32652-32696; Suggestions - What you should know [t.nn8dmo3ghr8e] @ 32697-32750; Suggestions - What you should know [t.nn8dmo3ghr8e] @ 32753-32764; Suggestions - What you should know [t.nn8dmo3ghr8e] @ 32767-32816; Suggestions - What you should know [t.nn8dmo3ghr8e] @ 32822-32875; Suggestions - What you should know [t.nn8dmo3ghr8e] @ 32876-32929; Suggestions - What you should know [t.nn8dmo3ghr8e] @ 32932-33048; Suggestions - What you should know [t.nn8dmo3ghr8e] @ 33050-33094; Suggestions - What you should know [t.nn8dmo3ghr8e] @ 33097-33284; Suggestions - What you should know [t.nn8dmo3ghr8e] @ 33286-33510; Suggestions - What you should know [t.nn8dmo3ghr8e] @ 33516-33554; Suggestions - What you should know [t.nn8dmo3ghr8e] @ 33555-33608; Suggestions - What you should know [t.nn8dmo3ghr8e] @ 33611-33692; Suggestions - What you should know [t.nn8dmo3ghr8e] @ 33695-33751; Suggestions - What you should know [t.nn8dmo3ghr8e] @ 33758-33805; Suggestions - What you should know [t.nn8dmo3ghr8e] @ 33806-33859; Suggestions - What you should know [t.nn8dmo3ghr8e] @ 33862-33869; Suggestions - What you should know [t.nn8dmo3ghr8e] @ 33872-33890; Suggestions - What you should know [t.nn8dmo3ghr8e] @ 33896-33954; Suggestions - What you should know [t.nn8dmo3ghr8e] @ 33955-34008; Suggestions - What you should know [t.nn8dmo3ghr8e] @ 34011-34017; Suggestions - What you should know [t.nn8dmo3ghr8e] @ 34018-34202; Suggestions - What you should know [t.nn8dmo3ghr8e] @ 34205-34250; Suggestions - What you should know [t.nn8dmo3ghr8e] @ 34256-34280; Suggestions - What you should know [t.nn8dmo3ghr8e] @ 34281-34311; Suggestions - What you should know [t.nn8dmo3ghr8e] @ 34312-34358; Suggestions - What you should know [t.nn8dmo3ghr8e] @ 34359-34392; Suggestions - What you should know [t.nn8dmo3ghr8e] @ 34393-34446; Suggestions - What you should know [t.nn8dmo3ghr8e] @ 34453-34461; Suggestions - What you should know [t.nn8dmo3ghr8e] @ 34462-34585; Suggestions - What you should know [t.nn8dmo3ghr8e] @ 34592-34597; Suggestions - What you should know [t.nn8dmo3ghr8e] @ 34598-34625; Suggestions - What you should know [t.nn8dmo3ghr8e] @ 34626-34644; Suggestions - What you should know [t.nn8dmo3ghr8e] @ 34646-34649; Suggestions - What you should know [t.nn8dmo3ghr8e] @ 34650-34671; Suggestions - What you should know [t.nn8dmo3ghr8e] @ 34672-34690; Suggestions - What you should know [t.nn8dmo3ghr8e] @ 34692-34697; Suggestions - What you should know [t.nn8dmo3ghr8e] @ 34698-34721; Suggestions - What you should know [t.nn8dmo3ghr8e] @ 34722-34739; Suggestions - What you should know [t.nn8dmo3ghr8e] @ 34745-34765; Suggestions - What you should know [t.nn8dmo3ghr8e] @ 34766-34819; Suggestions - What you should know [t.nn8dmo3ghr8e] @ 34822-34830; Suggestions - What you should know [t.nn8dmo3ghr8e] @ 34831-35035; Suggestions - What you should know [t.nn8dmo3ghr8e] @ 35038-35051","[SECTION START]","[SECTION END]","ALtnJHxJzz28bHOAk-CHLQwpsGWMVLejh99h1rcRLJf280LGm72weISIx_C4suQGDnKGpuP7eTxOQhNgwrMXLIgsgZ6tZKME4WGM66kn","ALtnJHwceQF38ZAgAmDj2op6BH8bxjGSWx5hwrncfpHuB8x6SjRlgw26s9JPm4gTk_AljVRiQ540L0IOyVnRa4XcotFTE9JwEtfDmh6m","Section-aware exact paragraph diff. Each side is copied verbatim from the Google Docs connector; paragraph separators are inserted as blank lines and source control characters are escaped. Blocks are bounded by paragraphs that match exactly. No semantic or legal/medical interpretation."
"S12-B01","Pass the Time","added_in_suggested","","Pass the Time

You might be waiting a while in the ER, it’s important to be patient. Here are some things that might ____________________________________________ .

I grabbed these from the internet btw, idk if thats ok. 

[this picture should be inline]

[this picture should be inline]

[this picture should be inline]","","Suggestions - What you should know [t.nn8dmo3ghr8e] @ 35053-35066; Suggestions - What you should know [t.nn8dmo3ghr8e] @ 35067-35215; Suggestions - What you should know [t.nn8dmo3ghr8e] @ 35216-35272; Suggestions - What you should know [t.nn8dmo3ghr8e] @ 35273-35304; Suggestions - What you should know [t.nn8dmo3ghr8e] @ 35309-35340; Suggestions - What you should know [t.nn8dmo3ghr8e] @ 35344-35375","[SECTION START]","[SECTION END]","ALtnJHxJzz28bHOAk-CHLQwpsGWMVLejh99h1rcRLJf280LGm72weISIx_C4suQGDnKGpuP7eTxOQhNgwrMXLIgsgZ6tZKME4WGM66kn","ALtnJHwceQF38ZAgAmDj2op6BH8bxjGSWx5hwrncfpHuB8x6SjRlgw26s9JPm4gTk_AljVRiQ540L0IOyVnRa4XcotFTE9JwEtfDmh6m","Section-aware exact paragraph diff. Each side is copied verbatim from the Google Docs connector; paragraph separators are inserted as blank lines and source control characters are escaped. Blocks are bounded by paragraphs that match exactly. No semantic or legal/medical interpretation."

